{
  "Duration_Hours": {
    "best_model": "RandomForest",
    "metrics": {
      "LinearRegression": {
        "MAE": 3.5666192508947123,
        "RMSE": 4.242694750638847,
        "MAPE": 38.15503767011537,
        "R2": 0.4604365593998401
      },
      "RandomForest": {
        "MAE": 3.562741003080808,
        "RMSE": 4.279083881543114,
        "MAPE": 37.95633114498976,
        "R2": 0.45114131370369015
      },
      "XGBoost": {
        "MAE": 3.6047295005639395,
        "RMSE": 4.357911326976311,
        "MAPE": 38.53156533705501,
        "R2": 0.4307333781933739
      },
      "CatBoost": {
        "MAE": 3.5812277041377287,
        "RMSE": 4.301720463608298,
        "MAPE": 38.117471128419375,
        "R2": 0.44531897060227865
      }
    }
  },
  "Total_Cost_USD": {
    "best_model": "LinearRegression",
    "metrics": {
      "LinearRegression": {
        "MAE": 14243.150734606688,
        "RMSE": 17429.47633036098,
        "MAPE": 27.874682636251556,
        "R2": 0.24928228592046275
      },
      "RandomForest": {
        "MAE": 14909.327463906444,
        "RMSE": 18343.997249042914,
        "MAPE": 28.899741151545992,
        "R2": 0.16843550324164802
      },
      "XGBoost": {
        "MAE": 15015.289975026042,
        "RMSE": 18427.565643084235,
        "MAPE": 29.080913745516884,
        "R2": 0.16084165119969485
      },
      "CatBoost": {
        "MAE": 14596.960610239988,
        "RMSE": 17849.03159166268,
        "MAPE": 28.334876851439283,
        "R2": 0.21270534623536963
      }
    }
  },
  "NPT_Hours": {
    "best_model": "LinearRegression",
    "metrics": {
      "LinearRegression": {
        "MAE": 0.7287009926877248,
        "RMSE": 1.2269541972830051,
        "MAPE": 119.05989766324143,
        "R2": 0.7572989891169634
      },
      "RandomForest": {
        "MAE": 0.771209516432002,
        "RMSE": 1.3845101992118876,
        "MAPE": 121.92906617250894,
        "R2": 0.6909653314694136
      },
      "XGBoost": {
        "MAE": 0.7662564936941756,
        "RMSE": 1.3447412118715094,
        "MAPE": 121.88753909143064,
        "R2": 0.7084639176166901
      },
      "CatBoost": {
        "MAE": 0.7390499297573976,
        "RMSE": 1.3043353025840552,
        "MAPE": 116.9799394119289,
        "R2": 0.7257204794072544
      }
    }
  }
}